label,pid,requested_priority,applied_priority,affinity,start_time,end_time,wall_seconds,cpu_seconds,turnaround_seconds,result
B-high,17208,HIGH,HIGH,[0],22:59:48.607,22:59:53.469,4.862,4.781,4.862,114155
A-low,22128,LOW,BELOW_NORMAL,[0],22:59:51.112,22:59:58.793,7.682,4.938,10.186,114155
B-high,19824,HIGH,HIGH,[0],22:59:58.931,23:00:03.722,4.791,4.75,4.791,114155
A-low,23256,LOW,BELOW_NORMAL,[0],23:00:01.337,23:00:08.557,7.22,4.75,9.626,114155
B-high,16740,HIGH,HIGH,[0],23:00:08.699,23:00:13.462,4.764,4.734,4.764,114155
A-low,23724,LOW,BELOW_NORMAL,[0],23:00:11.292,23:00:18.236,6.944,4.672,9.537,114155
B-high,16216,HIGH,HIGH,"[0, 1, 2, 3, 4, 5, 6, 7]",23:00:18.611,23:00:23.994,5.384,5.359,5.383,114155
A-low,14616,LOW,BELOW_NORMAL,"[0, 1, 2, 3, 4, 5, 6, 7]",23:00:18.611,23:00:24.003,5.392,5.359,5.392,114155
B-high,13900,HIGH,HIGH,"[0, 1, 2, 3, 4, 5, 6, 7]",23:00:24.140,23:00:29.226,5.086,5.062,5.085,114155
A-low,13676,LOW,BELOW_NORMAL,"[0, 1, 2, 3, 4, 5, 6, 7]",23:00:24.140,23:00:29.310,5.17,5.141,5.17,114155
B-high,23920,HIGH,HIGH,"[0, 1, 2, 3, 4, 5, 6, 7]",23:00:29.449,23:00:34.566,5.117,5.094,5.116,114155
A-low,20556,LOW,BELOW_NORMAL,"[0, 1, 2, 3, 4, 5, 6, 7]",23:00:29.449,23:00:34.597,5.148,5.078,5.147,114155
B-high,12828,HIGH,HIGH,[0],23:26:09.904,23:26:16.217,6.313,6.188,6.313,114155
A-low,19072,LOW,BELOW_NORMAL,[0],23:26:12.479,23:26:23.419,10.94,6.547,13.515,114155
B-high,7872,HIGH,HIGH,[0],23:26:23.661,23:26:29.455,5.795,5.75,5.794,114155
A-low,5892,LOW,BELOW_NORMAL,[0],23:26:27.498,23:26:34.889,7.392,5.406,11.228,114155
B-high,19824,HIGH,HIGH,[0],23:26:35.148,23:26:41.043,5.895,5.812,5.895,114155
A-low,21928,LOW,BELOW_NORMAL,[0],23:26:37.736,23:26:46.399,8.664,5.281,11.252,114155
B-high,17412,HIGH,HIGH,"[0, 1, 2, 3, 4, 5, 6, 7]",23:28:34.051,23:28:42.048,7.997,7.953,7.997,114155
A-low,22728,LOW,BELOW_NORMAL,"[0, 1, 2, 3, 4, 5, 6, 7]",23:28:34.052,23:28:42.311,8.26,7.844,8.26,114155
B-high,7304,HIGH,HIGH,"[0, 1, 2, 3, 4, 5, 6, 7]",23:28:42.621,23:28:50.448,7.828,7.828,7.829,114155
A-low,3804,LOW,BELOW_NORMAL,"[0, 1, 2, 3, 4, 5, 6, 7]",23:28:42.620,23:28:50.713,8.093,7.625,8.093,114155
B-high,11924,HIGH,HIGH,"[0, 1, 2, 3, 4, 5, 6, 7]",23:28:50.979,23:28:58.575,7.596,7.562,7.596,114155
A-low,16788,LOW,BELOW_NORMAL,"[0, 1, 2, 3, 4, 5, 6, 7]",23:28:50.979,23:28:58.655,7.676,7.453,7.676,114155
low,8020,LOW,BELOW_NORMAL,"[0, 1, 2, 3, 4, 5, 6, 7]",23:51:42.679,23:51:49.080,6.401,6.297,,114155
high,15588,HIGH,HIGH,"[0, 1, 2, 3, 4, 5, 6, 7]",23:52:56.024,23:53:02.139,6.115,6.125,,114155
